[
  {
    "id": 1,
    "fieldName": "Name (Legal Name)",
    "oldValue": "AHG — Charlottesville Internal Medicine",
    "newValue": "AHG - Rio Family Medicine",
    "status": "Pending"
  },
  {
    "id": 2,
    "fieldName": "Tax Identification Number",
    "oldValue": "541204765",
    "newValue": "7823621210",
    "status": "Pending"
  },
  {
    "id": 3,
    "fieldName": "Practice NPI",
    "oldValue": "1871709899",
    "newValue": "2512678546",
    "status": "Pending"
  },
  {
    "id": 4,
    "fieldName": "EMR Vendor",
    "oldValue": "MediRecord V3.9",
    "newValue": "MediRecord V3.9",
    "status": "Pending"
  },
  {
    "id": 5,
    "fieldName": "Practice Specialty",
    "oldValue": "Internal Medicine",
    "newValue": "External Medicine",
    "status": "Pending"
  }
]
