{
  "Request_Type": "Request Type",
  "Change_Initiated_By": "Change Initiated By",
  "Change_Initiated_Date": "Change Initiated Date",
  "Practice_Name": "Practice Name",
  "Practice_Manager": "Practice Manager",
  "Practice_Location": "Practice Location",
  "Name": "Name",
  "Email_ID": "Email ID",
  "Direct_Phone_number": "Direct Phone number",
  "MDOFFICE_ID": "MDOffice ID",
  "Field_Name": "Field Name",
  "Old_Value": "Old Value",
  "New_Value": "New Value",
  "Status": "Status",
  "Address": "Address",
  "Phone_Number_Main": "Phone Number (Main)",
  "Fax_Number": "Fax Number",
  "Scheduling_Number": "Scheduling Number",
  "Provider_Prefix": "Prefix",
  "Provider_Name": "Provider Name",
  "Title": "Title",
  "NPI": "NPI",
  "Board_Specialty": "Board Specialty",
  "Provider_Preferred_Email": "Provider Preferred Email",
  "Sentara_Email": "Sentara Email",
  "Location_Information": "Location Information",
  "Primary_Location_Information": "Primary Location Information",
  "Details": "Details",
  "Provider_Location": "Provider Location",
  "Provider_at_Location": "Provider at Location",
  "Location_Type": "Location Type",
  "Start_Date": "Start Date",
  "End_Date": "End Date",
  "Super_group": "Supergroup",
  "Tin": "TIN",
  "Practice_Name_location1": "Location1 Name",
  "Action": "Action",
  "Practice_ID": "Practice ID",
  "Practice_Reporting_ID": "Practice Reporting ID",
  "Term_Date": "Term Date",
  "SQCN": "SQCN?",
  "ACO": "ACO?",
  "Affiliated": "Affiliated?",
  "Market_Region":"Market/Region",
  "Supergroup":"Supergroup",
  "Practice_Name_Legal":"Practice Name (Legal)",
  "Practice_Name_Location1":"Location1 Name",
  "TIN":"TIN",
  "Primary_NPI":"Primary NPI",
  "Secondary_NPI":"Secondary NPI",
  "EMR_Vendor":"EMR Vendor",
  "TeleHealth":"TeleHealth",
  "Practice_Management_System":"Practice Management System",
  "Practice_Specialty":"Practice Specialty",
  "Practice_Sub_Specialty1":"Practice Sub-Specialty1",
  "Practice_Sub_Specialty2":"Practice Sub-Specialty2",
  "Practice_Sub_Specialty3":"Practice Sub-Specialty3",
  "Primary_Care":"Primary Care?",
  "Previous_Practice_Name":"Previous Practice Name",
  "Accepting_New_Patients":"Accepting New Patients",
  "Accepting_New_Medicaid_Patients":"Accepting New Medicaid Patients",
  "Lower_Age_Limit":"Lower Age Limit",
  "Innovaccer_Designated_Name":"Innovaccer Designated Name",
  "Practice_Name_Before_Editing_Innovaccer":"Practice Name Before Editing (Innovaccer)",
  "Notes_Regarding_Payments":"Notes Regarding Payments",
  "Additional_Comments_For_Audits":"Additional Comments For Audits",
  "Notes_Regarding_Term_Dates":"Notes Regarding Term Dates",
  "Claims_Clearing_House":"Claims Clearing House",
  "_837":"837",
  "CCDA":"CCDA",
  "Aetna_BR_Only":"Aetna (BR Only)",
  "Humana_MA":"Humana MA",
  "John_Hopkins_US":"John Hopkins US Family Health Plan",
  "Optima_Commercial":"Optima Commercial",
  "Optima_Medicaid":"Optima Medicaid",
  "Optima_MA":"Optima MA",
  "SHP_Commercial":"SHP Commercial",
  "SHP_Medicaid":"SHP Medicaid",
  "SHP_MA":"SHP MA",
  "Care_Manager":"Care Manager(s)",
  "Practice_information_saved_successfully":"Practice information saved successfully.",
  "Care_Manager_Name":"Care Manager(s) Name",
  "Contract":"Contract",
  "Contract_Date":"Contract Date",
  "Contract_Term_Date":"Term Date",
  "Contract_Signee":"Contract Signee",
  "Manage_Care_Manager":"Manage Care Manager",
  "Save":"Save",
  "SUFFIX": "Suffix",
  "MIDDLE_NAME": "Middle Name",
  "TERM_DATE": "Term Date",
  "LOCATION_NUMBER": "Location Number",
  "PHONE_NUMBER_MAIN": "Phone Number (Main)",
  "Prefix": "Prefix",
  "First_Name": "First Name",
  "Last_Name":"Last Name",
  "EMAIL_ADDRESS": "Email Address"
}
