{
  "Request_Type_Practice": "Change Practice Information",
  "Request_Type_Add_Location": "Add New Location",
  "Request_Type_Remove_Location": "Remove Location",
  "Request_Type_Provider": "Change Provider Information",
  "Request_Type_Add_Provider": "Add New Provider​",
  "Change_Initiated_By": "Bev Williams",
  "Change_Initiated_Date": "01/03/2023",
  "Practice_Name": "Albemarle Anesthesia PLC",
  "Practice_Manager": "Bev Williams",
  "Practice_Location": "AHG - Charlottesville Internal Medicine",
  "Name": "Jason",
  "MDOFFICE_ID": "0029203",
  "Email_ID": "jdelgado@sentara.com",
  "Direct_Phone_number": "917-283-5911",
  "Address": "2401 Godwin Boulevard, Suite",
  "Phone_Number_Main": "917-283-5910",
  "Fax_Number": "917-283-5911",
  "Scheduling_Number": "917-283-5913",
  "Provider_Name": "Fannie Utz",
  "Title": "MD",
  "NPI": "16623383880",
  "Board_Specialty": "Internal Medicine",
  "Provider_Preferred_Email": "fannie@sentara.com",
  "Sentara_Email": "jdelgado@sentara.com",
  "Location_Information": "Location Information",
  "Provider_Location": "Charlottesville Internal Medicine",
  "Provider_at_Location": "Yes",
  "Location_Type": "Primary",
  "Start_Date": "04/01/2020",
  "End_Date": "08/30/2023"
}
