{
  "NAME_LEGAL_NAME": "Name (Legal Name)",
  "TAX_IDENTIFICATION_NUMBER": "Tax Identification Number",
  "PRACTICE_NPI": "Practice NPI",
  "EMR_VENDOR": "EMR Vendor",
  "TELEMEDICINE": "Telemedicine",
  "PRACTICE_SPECIALTY": "Practice Specialty",
  "ACCEPTING_NEW_MEDICAID_PATIENTS": "Accepting New Medicaid Patients",
  "ACCEPTING_NEW_PATIENTS": "Accepting New Patients",
  "LOWER_AGE_LIMIT_FOR_NEW_PATIENTS": "Lower Age Limit for New Patients",
  "CARE_MANAGERS": "Care Manager(s)",
  "CARE_MANAGERS_F_NAME": "Care Manager(s) First Name",
  "CARE_MANAGERS_L_NAME": "Care Manager(s) Last Name",
  "LOCATION_NUMBER": "Location Number",
  "LOCATION_NAME": "Location Name",
  "ADDRESS": "Address",
  "CITY": "City",
  "STATE": "State",
  "ZIP_CODE": "Zip Code",
  "PHONE_NUMBER": "Phone Number",
  "PHONE_NUMBER_MAIN": "Phone Number (Main)",
  "FAX_NUMBER": "Fax Number",
  "SCHEDULING_NUMBER": "Scheduling Number",
  "DIRECT_SCHEDULING_NUMBER": "Direct Scheduling Number",
  "NAME": "Name",
  "EMAIL_ADDRESS": "Email Address",
  "DIRECT_PHONE_NUMBER": "Direct Phone Number",
  "EXT": "Ext",
  "MDOFFICE_ID": "MDOffice ID",
  "PRIMARY_SQCN_CONTACT": "Primary SQCN Contact",
  "FIRST_NAME": "First Name",
  "MIDDLE_NAME": "Middle Name",
  "SUFFIX": "Suffix",
  "MIDDLE_INTITIAL": "Middle Initial",
  "LAST_NAME": "Last Name",
  "TITLE": "Title",
  "BOARD_SPECIALITY": "Board Specialty",
  "NPI": "NPI",
  "PREFERED_EMAIL_ADDRESS": "Preferred Email Address",
  "SENTARA_EMAIL_ADDRESS": "Sentara Email Address",
  "LOCATION_TYPE": "Location Type",
  "PROVIDER_AT_LOCATIONS": "Provider at Location",
  "START_DATE": "Start Date",
  "TERM_DATE": "Term Date",
  "END_DATE": "End Date",
  "PREFIX": "Prefix",
  "PROVIDER_NAME_BEFORE_EDITING": "Provider's Name Before Editing (Innovaccer)",
  "CONTRACTED_SPECIALITY": "Contracted Specialty"
}
