[
  {
    "id": 1,
    "stateName": "Alaska",
    "stateCode": "AK"
  },
  {
    "id": 2,
    "stateName": "Alabama",
    "stateCode": "AL"
  },
  {
    "id": 3,
    "stateName": "Arkansas",
    "stateCode": "AR"
  },
  {
    "id": 4,
    "stateName": "Arizona",
    "stateCode": "AZ"
  },
  {
    "id": 5,
    "stateName": "California",
    "stateCode": "CA"
  },
  {
    "id": 6,
    "stateName": "Colorado",
    "stateCode": "CO"
  },
  {
    "id": 7,
    "stateName": "Connecticut",
    "stateCode": "CT"
  },
  {
    "id": 8,
    "stateName": "District Of Columbia",
    "stateCode": "DC"
  },
  {
    "id": 9,
    "stateName": "Delaware",
    "stateCode": "DE"
  },
  {
    "id": 10,
    "stateName": "Florida",
    "stateCode": "FL"
  },
  {
    "id": 11,
    "stateName": "Georgia",
    "stateCode": "GA"
  },
  {
    "id": 12,
    "stateName": "Hawaii",
    "stateCode": "HI"
  },
  {
    "id": 13,
    "stateName": "Iowa",
    "stateCode": "IA"
  },
  {
    "id": 14,
    "stateName": "Idaho",
    "stateCode": "ID"
  },
  {
    "id": 15,
    "stateName": "Illinois",
    "stateCode": "IL"
  },
  {
    "id": 16,
    "stateName": "Indiana",
    "stateCode": "IN"
  },
  {
    "id": 17,
    "stateName": "Kansas",
    "stateCode": "KS"
  },
  {
    "id": 18,
    "stateName": "Kentucky",
    "stateCode": "KY"
  },
  {
    "id": 19,
    "stateName": "Louisiana",
    "stateCode": "LA"
  },
  {
    "id": 20,
    "stateName": "Massachusetts",
    "stateCode": "MA"
  },
  {
    "id": 21,
    "stateName": "Maryland",
    "stateCode": "MD"
  },
  {
    "id": 22,
    "stateName": "Maine",
    "stateCode": "ME"
  },
  {
    "id": 23,
    "stateName": "Michigan",
    "stateCode": "MI"
  },
  {
    "id": 24,
    "stateName": "Minnesota",
    "stateCode": "MN"
  },
  {
    "id": 25,
    "stateName": "Missouri",
    "stateCode": "MO"
  },
  {
    "id": 26,
    "stateName": "Mississippi",
    "stateCode": "MS"
  },
  {
    "id": 27,
    "stateName": "Montana",
    "stateCode": "MT"
  },
  {
    "id": 28,
    "stateName": "North Carolina",
    "stateCode": "NC"
  },
  {
    "id": 29,
    "stateName": "North Dakota",
    "stateCode": "ND"
  },
  {
    "id": 30,
    "stateName": "Nebraska",
    "stateCode": "NE"
  },
  {
    "id": 31,
    "stateName": "New Hampshire",
    "stateCode": "NH"
  },
  {
    "id": 32,
    "stateName": "New Jersey",
    "stateCode": "NJ"
  },
  {
    "id": 33,
    "stateName": "New Mexico",
    "stateCode": "NM"
  },
  {
    "id": 34,
    "stateName": "Nevada",
    "stateCode": "NV"
  },
  {
    "id": 35,
    "stateName": "New York",
    "stateCode": "NY"
  },
  {
    "id": 36,
    "stateName": "Ohio",
    "stateCode": "OH"
  },
  {
    "id": 37,
    "stateName": "Oklahoma",
    "stateCode": "OK"
  },
  {
    "id": 38,
    "stateName": "Oregon",
    "stateCode": "OR"
  },
  {
    "id": 39,
    "stateName": "Pennsylvania",
    "stateCode": "PA"
  },
  {
    "id": 40,
    "stateName": "Rhode Island",
    "stateCode": "RI"
  },
  {
    "id": 41,
    "stateName": "outh Carolina",
    "stateCode": "SC"
  },
  {
    "id": 42,
    "stateName": "South Dakota",
    "stateCode": "SD"
  },
  {
    "id": 43,
    "stateName": "Tennessee",
    "stateCode": "TN"
  },
  {
    "id": 44,
    "stateName": "Texas",
    "stateCode": "TX"
  },
  {
    "id": 45,
    "stateName": "Utah",
    "stateCode": "UT"
  },
  {
    "id": 46,
    "stateName": "Virginia",
    "stateCode": "VA"
  },
  {
    "id": 47,
    "stateName": "Vermont",
    "stateCode": "VT"
  },
  {
    "id": 48,
    "stateName": "Washington",
    "stateCode": "WA"
  },
  {
    "id": 49,
    "stateName": "Wisconsin",
    "stateCode": "WI"
  },
  {
    "id": 50,
    "stateName": "West Virginia",
    "stateCode": "WV"
  },
  {
    "id": 51,
    "stateName": "Wyoming",
    "stateCode": "WY"
  }
]